{
  "collapse-filter": false,
  "search": "",
  "showTags": false,
  "showAttachments": false,
  "hideUnresolved": false,
  "showOrphans": false,
  "collapse-color-groups": false,
  "colorGroups": [
    {
      "query": "tag:#ch1",
      "color": {
        "a": 1,
        "rgb": 682239
      }
    },
    {
      "query": "tag:#ch2",
      "color": {
        "a": 1,
        "rgb": 16743168
      }
    },
    {
      "query": "tag:#ch3",
      "color": {
        "a": 1,
        "rgb": 11657298
      }
    },
    {
      "query": "tag:#ch4",
      "color": {
        "a": 1,
        "rgb": 10751612
      }
    },
    {
      "query": "tag:#ch5",
      "color": {
        "a": 1,
        "rgb": 16711680
      }
    }
  ],
  "collapse-display": false,
  "showArrow": false,
  "textFadeMultiplier": -1.5,
  "nodeSizeMultiplier": 4.234375,
  "lineSizeMultiplier": 3.3921875,
  "collapse-forces": false,
  "centerStrength": 0,
  "repelStrength": 15.5208333333333,
  "linkStrength": 1,
  "linkDistance": 500,
  "scale": 0.05932617187500172,
  "close": false
}