{
  "obsidian-languagetool-plugin:ltaccept-suggestion-1": [
    {
      "modifiers": [
        "Mod",
        "Shift"
      ],
      "key": "="
    }
  ],
  "obsidian-languagetool-plugin:ltcheck-text": [
    {
      "modifiers": [
        "Mod",
        "Shift"
      ],
      "key": ";"
    }
  ],
  "obsidian-languagetool-plugin:ltjump-to-next-suggestion": [
    {
      "modifiers": [
        "Mod",
        "Shift"
      ],
      "key": "."
    }
  ],
  "obsidian-languagetool-plugin:ltautocheck-text": [
    {
      "modifiers": [
        "Mod",
        "Shift"
      ],
      "key": ","
    }
  ]
}