{
  "workspaces": {
    "Workspace1": {
      "main": {
        "id": "513be19377758f50",
        "type": "split",
        "children": [
          {
            "id": "d7bbcf0157f7aafe",
            "type": "tabs",
            "children": [
              {
                "id": "73a7f062a087bbcc",
                "type": "leaf",
                "state": {
                  "type": "empty",
                  "state": {}
                }
              }
            ]
          }
        ],
        "direction": "vertical"
      },
      "left": {
        "id": "974999b1d9b72956",
        "type": "split",
        "children": [
          {
            "id": "79a26f82eaa9f1f2",
            "type": "tabs",
            "children": [
              {
                "id": "a19a21e6ca696312",
                "type": "leaf",
                "state": {
                  "type": "file-explorer",
                  "state": {
                    "sortOrder": "alphabetical"
                  }
                }
              },
              {
                "id": "f91a1b5c9af50cfd",
                "type": "leaf",
                "state": {
                  "type": "search",
                  "state": {
                    "query": "",
                    "matchingCase": false,
                    "explainSearch": false,
                    "collapseAll": false,
                    "extraContext": false,
                    "sortOrder": "alphabetical"
                  }
                }
              },
              {
                "id": "c31ad466442998b1",
                "type": "leaf",
                "state": {
                  "type": "bookmarks",
                  "state": {}
                }
              }
            ]
          }
        ],
        "direction": "horizontal",
        "width": 314.51103591918945
      },
      "right": {
        "id": "ec6a23a174c29ea9",
        "type": "split",
        "children": [
          {
            "id": "257576d9f6105a99",
            "type": "tabs",
            "children": [
              {
                "id": "934ca1173a878d6d",
                "type": "leaf",
                "state": {
                  "type": "backlink",
                  "state": {
                    "collapseAll": false,
                    "extraContext": false,
                    "sortOrder": "alphabetical",
                    "showSearch": false,
                    "searchQuery": "",
                    "backlinkCollapsed": false,
                    "unlinkedCollapsed": true
                  }
                }
              },
              {
                "id": "9e722d8e4cfe932b",
                "type": "leaf",
                "state": {
                  "type": "outgoing-link",
                  "state": {
                    "linksCollapsed": false,
                    "unlinkedCollapsed": true
                  }
                }
              },
              {
                "id": "2dbeceb4b1d72540",
                "type": "leaf",
                "state": {
                  "type": "tag",
                  "state": {
                    "sortOrder": "frequency",
                    "useHierarchy": true
                  }
                }
              },
              {
                "id": "61802a6862110adc",
                "type": "leaf",
                "state": {
                  "type": "outline",
                  "state": {}
                }
              }
            ]
          }
        ],
        "direction": "horizontal",
        "width": 300,
        "collapsed": true
      },
      "left-ribbon": {
        "hiddenItems": {
          "switcher:Open quick switcher": false,
          "graph:Open graph view": false,
          "canvas:Create new canvas": false,
          "daily-notes:Open today's daily note": false,
          "templates:Insert template": false,
          "command-palette:Open command palette": false,
          "random-note:Open random note": false,
          "markdown-table-editor:Open Markdown Table Editor": false,
          "zk-prefixer:Create new unique note": false,
          "workspaces:Manage workspace layouts": false
        }
      },
      "active": "73a7f062a087bbcc"
    }
  },
  "active": "Workspace1"
}