{
  "main": {
    "id": "513be19377758f50",
    "type": "split",
    "children": [
      {
        "id": "7b2570a9d16aa2de",
        "type": "tabs",
        "children": [
          {
            "id": "c46691271b91601f",
            "type": "leaf",
            "state": {
              "type": "markdown",
              "state": {
                "file": "SY0-601.md",
                "mode": "source",
                "source": false
              }
            }
          },
          {
            "id": "128a79e991411a97",
            "type": "leaf",
            "state": {
              "type": "graph",
              "state": {}
            }
          },
          {
            "id": "b19519f19684ff4b",
            "type": "leaf",
            "state": {
              "type": "markdown",
              "state": {
                "file": "1.1 – Social Engineering.md",
                "mode": "source",
                "source": false
              }
            }
          }
        ],
        "currentTab": 1
      }
    ],
    "direction": "vertical"
  },
  "left": {
    "id": "974999b1d9b72956",
    "type": "split",
    "children": [
      {
        "id": "79a26f82eaa9f1f2",
        "type": "tabs",
        "children": [
          {
            "id": "a19a21e6ca696312",
            "type": "leaf",
            "state": {
              "type": "file-explorer",
              "state": {
                "sortOrder": "alphabetical"
              }
            }
          },
          {
            "id": "f91a1b5c9af50cfd",
            "type": "leaf",
            "state": {
              "type": "search",
              "state": {
                "query": "",
                "matchingCase": false,
                "explainSearch": false,
                "collapseAll": false,
                "extraContext": false,
                "sortOrder": "alphabetical"
              }
            }
          },
          {
            "id": "c31ad466442998b1",
            "type": "leaf",
            "state": {
              "type": "bookmarks",
              "state": {}
            }
          }
        ]
      }
    ],
    "direction": "horizontal",
    "width": 314.51103591918945
  },
  "right": {
    "id": "ec6a23a174c29ea9",
    "type": "split",
    "children": [
      {
        "id": "257576d9f6105a99",
        "type": "tabs",
        "children": [
          {
            "id": "934ca1173a878d6d",
            "type": "leaf",
            "state": {
              "type": "backlink",
              "state": {
                "collapseAll": false,
                "extraContext": false,
                "sortOrder": "alphabetical",
                "showSearch": false,
                "searchQuery": "",
                "backlinkCollapsed": false,
                "unlinkedCollapsed": false
              }
            }
          },
          {
            "id": "9e722d8e4cfe932b",
            "type": "leaf",
            "state": {
              "type": "outgoing-link",
              "state": {
                "linksCollapsed": false,
                "unlinkedCollapsed": true
              }
            }
          },
          {
            "id": "2dbeceb4b1d72540",
            "type": "leaf",
            "state": {
              "type": "tag",
              "state": {
                "sortOrder": "frequency",
                "useHierarchy": true
              }
            }
          },
          {
            "id": "61802a6862110adc",
            "type": "leaf",
            "state": {
              "type": "outline",
              "state": {}
            }
          },
          {
            "id": "8eeddabe9a9e8585",
            "type": "leaf",
            "state": {
              "type": "Saved Queries View",
              "state": {}
            }
          }
        ],
        "currentTab": 4
      }
    ],
    "direction": "horizontal",
    "width": 300,
    "collapsed": true
  },
  "left-ribbon": {
    "hiddenItems": {
      "switcher:Open quick switcher": false,
      "graph:Open graph view": false,
      "canvas:Create new canvas": false,
      "daily-notes:Open today's daily note": false,
      "templates:Insert template": false,
      "command-palette:Open command palette": false,
      "random-note:Open random note": false,
      "zk-prefixer:Create new unique note": false,
      "workspaces:Manage workspace layouts": false,
      "markdown-table-editor:Open Markdown Table Editor": false
    }
  },
  "active": "128a79e991411a97",
  "lastOpenFiles": [
    "4.1 – Security Tools.md",
    "Reconnaissance Tools – Part 2.md",
    "Chapter 1 Attacks, Threats, and Vulnerabilities.md",
    "1.5 – Threat Actors and Vectors.md",
    "1.1 – Social Engineering.md",
    "SY0-601.md",
    "4.5 – Digital Forensics.md",
    "5.1 – Security Controls.md",
    "5.2 – Regulations, Standards, and Frameworks.md",
    "5.3 – Organizational Security Policies.md",
    "5.4 – Risk Management.md",
    "5.5 – Data Privacy.md",
    "2023-10-26.md",
    "4.4 – Securing an Environment.md",
    "4.3 – Investigations.md",
    "4.2 – Incident Response.md",
    "3.9 – Public Key Infrastructure.md",
    "3.8 – Authentication and Authorization Services.md",
    "3.5 – Mobile Security.md",
    "3.6 – Cloud Security.md",
    "3.7 – Identity and Account Management.md",
    "3.1 – Secure Protocols.md",
    "3.4 – Wireless Security.md",
    "3.3 – Secure Network Designs.md",
    "3.2 – Host and Application Security.md",
    "2.8 – Cryptographic Concepts.md",
    "VPN Tunnel Demo.canvas",
    "Tokenization demo.canvas",
    "Round-Robin Scheduling.canvas",
    "Load Balancer demo.canvas",
    "Pasted image 20231025054827.png",
    "professormessersec+/Untitled.canvas"
  ]
}